30,MONDAY,grund z
30,TUESDAY,Tkssc
30,WEDNESDAY,Tristarr
30,THURSDAY,Hubba
30,FRIDAY,poulli
30,SATURDAY,Freddy Flax
30,SUNDAY,Locopuff
29,MONDAY,Walker0316
29,TUESDAY,MattmanForever
29,WEDNESDAY,xTc Neeko
29,THURSDAY,CrniSoko
29,FRIDAY,joki101
29,SATURDAY,just Vik
29,SUNDAY,Vehaboman
28,MONDAY,Pikachu
28,TUESDAY,ItsLinnaa
28,WEDNESDAY,BÃ©arn
28,THURSDAY,otto9due
28,FRIDAY,Smika
28,SATURDAY,SAFA 26
28,SUNDAY,SuDrAn
27,MONDAY,Marv x
27,TUESDAY,Testplay
27,WEDNESDAY,19Chappers93
27,THURSDAY,SergeantLoki
27,FRIDAY,Aegirrr
27,SATURDAY,ShiMer
27,SUNDAY,Fildic